,precision,recall,f1-score,support
benign,0.9883559151522935,0.9658425368139224,0.9769695430935077,47808.0
defacement,0.9822981366459628,0.9955933270380862,0.9889010473659527,9531.0
malware,0.9817615658362989,0.9331923890063425,0.9568610448731845,2365.0
phishing,0.8308059132093467,0.9259141156462585,0.8757854521691048,9408.0
accuracy,0.963392753790948,0.963392753790948,0.963392753790948,0.963392753790948
macro avg,0.9458053827109755,0.9551355921261524,0.9496292718754374,69112.0
weighted avg,0.9658480620825601,0.963392753790948,0.9641529937462572,69112.0
