,precision,recall,f1-score,support
benign,0.9825422804146209,0.9794595046854083,0.9809984706597114,47808.0
defacement,0.973511293634497,0.9948588815444339,0.984069326967983,9531.0
malware,0.991810737033667,0.9217758985200846,0.955511724742494,2365.0
phishing,0.8798865069356873,0.8899872448979592,0.8849080532656943,9408.0
accuracy,0.9674296793610372,0.9674296793610372,0.9674296793610372,0.9674296793610372
macro avg,0.956937704504618,0.9465203824119715,0.9513718939089707,69112.0
weighted avg,0.9676398039707743,0.9674296793610372,0.9674693227626314,69112.0
